{
  "files": [
    {
      "fileName": "./runtimes/unix/lib/net6.0/System.Management.Automation.dll",
      "SPDXID": "SPDXRef-File--runtimes-unix-lib-net6.0-System.Management.Automation.dll-B5FB32AFEA8B759BEE03DEFCA5132888CDD11FF7",
      "checksums": [
        {
          "algorithm": "SHA256",
          "checksumValue": "02483934dfa6f5119c204a02fafbe85110ed4c238fe63eac643c8f25f38a8e06"
        },
        {
          "algorithm": "SHA1",
          "checksumValue": "b5fb32afea8b759bee03defca5132888cdd11ff7"
        }
      ],
      "licenseConcluded": "NOASSERTION",
      "licenseInfoInFiles": [
        "NOASSERTION"
      ],
      "copyrightText": "NOASSERTION"
    },
    {
      "fileName": "./runtimes/win/lib/net6.0/System.Management.Automation.dll",
      "SPDXID": "SPDXRef-File--runtimes-win-lib-net6.0-System.Management.Automation.dll-7E915985E21CBD7A13DFBB1932353B53DEB1FC80",
      "checksums": [
        {
          "algorithm": "SHA256",
          "checksumValue": "2e8ea8cd2486802ae5daadc1031dfa28045351934a67de4510e1e013d808afe0"
        },
        {
          "algorithm": "SHA1",
          "checksumValue": "7e915985e21cbd7a13dfbb1932353b53deb1fc80"
        }
      ],
      "licenseConcluded": "NOASSERTION",
      "licenseInfoInFiles": [
        "NOASSERTION"
      ],
      "copyrightText": "NOASSERTION"
    },
    {
      "fileName": "./ref/net6.0/System.Management.Automation.dll",
      "SPDXID": "SPDXRef-File--ref-net6.0-System.Management.Automation.dll-B6761C9140F5D9DA5CBAFB69ADADF7EB2933C0AD",
      "checksums": [
        {
          "algorithm": "SHA256",
          "checksumValue": "5e7b0a9494a9486991e7d30a86855263c2a9f3e00d7c13acd9b4fc65cd5b034a"
        },
        {
          "algorithm": "SHA1",
          "checksumValue": "b6761c9140f5d9da5cbafb69adadf7eb2933c0ad"
        }
      ],
      "licenseConcluded": "NOASSERTION",
      "licenseInfoInFiles": [
        "NOASSERTION"
      ],
      "copyrightText": "NOASSERTION"
    },
    {
      "fileName": "./ref/net6.0/System.Management.Automation.xml",
      "SPDXID": "SPDXRef-File--ref-net6.0-System.Management.Automation.xml-978F08465BC1368D371AA7F5FC1952FF0CC3F713",
      "checksums": [
        {
          "algorithm": "SHA256",
          "checksumValue": "a0cdb28cf366bd982208584c5639c6ac45350753b33f3c24b4c22bc5307656c2"
        },
        {
          "algorithm": "SHA1",
          "checksumValue": "978f08465bc1368d371aa7f5fc1952ff0cc3f713"
        }
      ],
      "licenseConcluded": "NOASSERTION",
      "licenseInfoInFiles": [
        "NOASSERTION"
      ],
      "copyrightText": "NOASSERTION"
    }
  ],
  "packages": [
    {
      "name": "Microsoft.Win32.Registry.AccessControl",
      "SPDXID": "SPDXRef-Package-E6A4300EA97A2C40D46F7C97424D148E91295043873968C54768B9A777912613",
      "downloadLocation": "NOASSERTION",
      "filesAnalyzed": false,
      "licenseConcluded": "NOASSERTION",
      "licenseInfoFromFiles": [
        "NOASSERTION"
      ],
      "licenseDeclared": "NOASSERTION",
      "copyrightText": "NOASSERTION",
      "versionInfo": "6.0.0",
      "externalRefs": [
        {
          "referenceCategory": "PACKAGE_MANAGER",
          "referenceType": "purl",
          "referenceLocator": "pkg:nuget/Microsoft.Win32.Registry.AccessControl%406.0.0"
        }
      ],
      "supplier": "NOASSERTION"
    },
    {
      "name": "System.Text.Encoding.CodePages",
      "SPDXID": "SPDXRef-Package-60EF3A82E80559181B635DD5B93A6CCD579F855D5F7D9E55111127832A01FAF4",
      "downloadLocation": "NOASSERTION",
      "filesAnalyzed": false,
      "licenseConcluded": "NOASSERTION",
      "licenseInfoFromFiles": [
        "NOASSERTION"
      ],
      "licenseDeclared": "NOASSERTION",
      "copyrightText": "NOASSERTION",
      "versionInfo": "6.0.0",
      "externalRefs": [
        {
          "referenceCategory": "PACKAGE_MANAGER",
          "referenceType": "purl",
          "referenceLocator": "pkg:nuget/System.Text.Encoding.CodePages%406.0.0"
        }
      ],
      "supplier": "NOASSERTION"
    },
    {
      "name": "System.Management",
      "SPDXID": "SPDXRef-Package-8CC47BF8947038A6907119B0E6B50D4428C18429948E5B1FBF19AE23F22D34CC",
      "downloadLocation": "NOASSERTION",
      "filesAnalyzed": false,
      "licenseConcluded": "NOASSERTION",
      "licenseInfoFromFiles": [
        "NOASSERTION"
      ],
      "licenseDeclared": "NOASSERTION",
      "copyrightText": "NOASSERTION",
      "versionInfo": "6.0.0",
      "externalRefs": [
        {
          "referenceCategory": "PACKAGE_MANAGER",
          "referenceType": "purl",
          "referenceLocator": "pkg:nuget/System.Management%406.0.0"
        }
      ],
      "supplier": "NOASSERTION"
    },
    {
      "name": "System.Configuration.ConfigurationManager",
      "SPDXID": "SPDXRef-Package-5A81034EC77077BB1F9472AAD57F56E812A344FFEA1CBAA93A3D11EF18BEB8BE",
      "downloadLocation": "NOASSERTION",
      "filesAnalyzed": false,
      "licenseConcluded": "NOASSERTION",
      "licenseInfoFromFiles": [
        "NOASSERTION"
      ],
      "licenseDeclared": "NOASSERTION",
      "copyrightText": "NOASSERTION",
      "versionInfo": "6.0.0",
      "externalRefs": [
        {
          "referenceCategory": "PACKAGE_MANAGER",
          "referenceType": "purl",
          "referenceLocator": "pkg:nuget/System.Configuration.ConfigurationManager%406.0.0"
        }
      ],
      "supplier": "NOASSERTION"
    },
    {
      "name": "Microsoft.Management.Infrastructure",
      "SPDXID": "SPDXRef-Package-E8B432A0D1ED08F0FA9D2A2CE7D770747B60C2D39A0D181D41BE40778780DDD8",
      "downloadLocation": "NOASSERTION",
      "filesAnalyzed": false,
      "licenseConcluded": "NOASSERTION",
      "licenseInfoFromFiles": [
        "NOASSERTION"
      ],
      "licenseDeclared": "NOASSERTION",
      "copyrightText": "NOASSERTION",
      "versionInfo": "2.0.0",
      "externalRefs": [
        {
          "referenceCategory": "PACKAGE_MANAGER",
          "referenceType": "purl",
          "referenceLocator": "pkg:nuget/Microsoft.Management.Infrastructure%402.0.0"
        }
      ],
      "supplier": "NOASSERTION"
    },
    {
      "name": "Microsoft.PowerShell.Native",
      "SPDXID": "SPDXRef-Package-A4966774D3681FB45924A7553133B96DB96B6311D11397C5D5E6467C768AEAE8",
      "downloadLocation": "NOASSERTION",
      "filesAnalyzed": false,
      "licenseConcluded": "NOASSERTION",
      "licenseInfoFromFiles": [
        "NOASSERTION"
      ],
      "licenseDeclared": "NOASSERTION",
      "copyrightText": "NOASSERTION",
      "versionInfo": "7.2.0",
      "externalRefs": [
        {
          "referenceCategory": "PACKAGE_MANAGER",
          "referenceType": "purl",
          "referenceLocator": "pkg:nuget/Microsoft.PowerShell.Native%407.2.0"
        }
      ],
      "supplier": "NOASSERTION"
    },
    {
      "name": "System.Security.AccessControl",
      "SPDXID": "SPDXRef-Package-EF13C297E61B73E019C1A470CACA399F9A94CCC334188ECAD593C0A3EDBD01E9",
      "downloadLocation": "NOASSERTION",
      "filesAnalyzed": false,
      "licenseConcluded": "NOASSERTION",
      "licenseInfoFromFiles": [
        "NOASSERTION"
      ],
      "licenseDeclared": "NOASSERTION",
      "copyrightText": "NOASSERTION",
      "versionInfo": "6.0.0",
      "externalRefs": [
        {
          "referenceCategory": "PACKAGE_MANAGER",
          "referenceType": "purl",
          "referenceLocator": "pkg:nuget/System.Security.AccessControl%406.0.0"
        }
      ],
      "supplier": "NOASSERTION"
    },
    {
      "name": "System.DirectoryServices",
      "SPDXID": "SPDXRef-Package-AAD903BDED8F0299A98D93C15EBE7FB94DD7845A2595D27DE90F6244C3541068",
      "downloadLocation": "NOASSERTION",
      "filesAnalyzed": false,
      "licenseConcluded": "NOASSERTION",
      "licenseInfoFromFiles": [
        "NOASSERTION"
      ],
      "licenseDeclared": "NOASSERTION",
      "copyrightText": "NOASSERTION",
      "versionInfo": "6.0.0",
      "externalRefs": [
        {
          "referenceCategory": "PACKAGE_MANAGER",
          "referenceType": "purl",
          "referenceLocator": "pkg:nuget/System.DirectoryServices%406.0.0"
        }
      ],
      "supplier": "NOASSERTION"
    },
    {
      "name": "System.Security.Permissions",
      "SPDXID": "SPDXRef-Package-912B04C776374167E8F88EAA2C7702B46BEE2E20E428F4F3242D4DC2DE018FDB",
      "downloadLocation": "NOASSERTION",
      "filesAnalyzed": false,
      "licenseConcluded": "NOASSERTION",
      "licenseInfoFromFiles": [
        "NOASSERTION"
      ],
      "licenseDeclared": "NOASSERTION",
      "copyrightText": "NOASSERTION",
      "versionInfo": "6.0.0",
      "externalRefs": [
        {
          "referenceCategory": "PACKAGE_MANAGER",
          "referenceType": "purl",
          "referenceLocator": "pkg:nuget/System.Security.Permissions%406.0.0"
        }
      ],
      "supplier": "NOASSERTION"
    },
    {
      "name": "System.Runtime.CompilerServices.Unsafe",
      "SPDXID": "SPDXRef-Package-EB772CC504A8C4FCA5B9815577BC4D390EAF4353B4673865636B49AEB9B6414E",
      "downloadLocation": "NOASSERTION",
      "filesAnalyzed": false,
      "licenseConcluded": "NOASSERTION",
      "licenseInfoFromFiles": [
        "NOASSERTION"
      ],
      "licenseDeclared": "NOASSERTION",
      "copyrightText": "NOASSERTION",
      "versionInfo": "6.0.0",
      "externalRefs": [
        {
          "referenceCategory": "PACKAGE_MANAGER",
          "referenceType": "purl",
          "referenceLocator": "pkg:nuget/System.Runtime.CompilerServices.Unsafe%406.0.0"
        }
      ],
      "supplier": "NOASSERTION"
    },
    {
      "name": "Microsoft.PowerShell.CoreCLR.Eventing",
      "SPDXID": "SPDXRef-Package-15872C53A5C2EFCD4A5B8DBECEAD08E2D1B626137E553D0B01F3519DCECEBA5C",
      "downloadLocation": "NOASSERTION",
      "filesAnalyzed": false,
      "licenseConcluded": "NOASSERTION",
      "licenseInfoFromFiles": [
        "NOASSERTION"
      ],
      "licenseDeclared": "NOASSERTION",
      "copyrightText": "NOASSERTION",
      "versionInfo": "7.2.4",
      "externalRefs": [
        {
          "referenceCategory": "PACKAGE_MANAGER",
          "referenceType": "purl",
          "referenceLocator": "pkg:nuget/Microsoft.PowerShell.CoreCLR.Eventing%407.2.4"
        }
      ],
      "supplier": "NOASSERTION"
    },
    {
      "name": "Microsoft.ApplicationInsights",
      "SPDXID": "SPDXRef-Package-94212A3C6AA57D2240E1BB24F3F8760982FD1EE04B75B7AD5EBAE7D8FC32AB1D",
      "downloadLocation": "NOASSERTION",
      "filesAnalyzed": false,
      "licenseConcluded": "NOASSERTION",
      "licenseInfoFromFiles": [
        "NOASSERTION"
      ],
      "licenseDeclared": "NOASSERTION",
      "copyrightText": "NOASSERTION",
      "versionInfo": "2.18.0",
      "externalRefs": [
        {
          "referenceCategory": "PACKAGE_MANAGER",
          "referenceType": "purl",
          "referenceLocator": "pkg:nuget/Microsoft.ApplicationInsights%402.18.0"
        }
      ],
      "supplier": "NOASSERTION"
    },
    {
      "name": "System.Security.Cryptography.Pkcs",
      "SPDXID": "SPDXRef-Package-94C3F349D161FF39315E9A59C8A57FC7F98046B0E45158B9BACD0DF20F3DC0F2",
      "downloadLocation": "NOASSERTION",
      "filesAnalyzed": false,
      "licenseConcluded": "NOASSERTION",
      "licenseInfoFromFiles": [
        "NOASSERTION"
      ],
      "licenseDeclared": "NOASSERTION",
      "copyrightText": "NOASSERTION",
      "versionInfo": "6.0.1",
      "externalRefs": [
        {
          "referenceCategory": "PACKAGE_MANAGER",
          "referenceType": "purl",
          "referenceLocator": "pkg:nuget/System.Security.Cryptography.Pkcs%406.0.1"
        }
      ],
      "supplier": "NOASSERTION"
    },
    {
      "name": "Newtonsoft.Json",
      "SPDXID": "SPDXRef-Package-1EA0B2E1B38E40C3C6B7FA9BD9612C2B7522C6B2FFF2F748096E3089E36B67F7",
      "downloadLocation": "NOASSERTION",
      "filesAnalyzed": false,
      "licenseConcluded": "NOASSERTION",
      "licenseInfoFromFiles": [
        "NOASSERTION"
      ],
      "licenseDeclared": "NOASSERTION",
      "copyrightText": "NOASSERTION",
      "versionInfo": "13.0.1",
      "externalRefs": [
        {
          "referenceCategory": "PACKAGE_MANAGER",
          "referenceType": "purl",
          "referenceLocator": "pkg:nuget/Newtonsoft.Json%4013.0.1"
        }
      ],
      "supplier": "NOASSERTION"
    },
    {
      "name": "System.Management.Automation",
      "SPDXID": "SPDXRef-RootPackage",
      "downloadLocation": "NOASSERTION",
      "packageVerificationCode": {
        "packageVerificationCodeValue": "8df47a589d7b6dd32ed572afacb12c81de3323f7"
      },
      "filesAnalyzed": true,
      "licenseConcluded": "NOASSERTION",
      "licenseInfoFromFiles": [
        "NOASSERTION"
      ],
      "licenseDeclared": "NOASSERTION",
      "copyrightText": "NOASSERTION",
      "versionInfo": "7.2.4",
      "supplier": "Organization: Microsoft",
      "hasFiles": [
        "SPDXRef-File--ref-net6.0-System.Management.Automation.xml-978F08465BC1368D371AA7F5FC1952FF0CC3F713",
        "SPDXRef-File--ref-net6.0-System.Management.Automation.dll-B6761C9140F5D9DA5CBAFB69ADADF7EB2933C0AD",
        "SPDXRef-File--runtimes-win-lib-net6.0-System.Management.Automation.dll-7E915985E21CBD7A13DFBB1932353B53DEB1FC80",
        "SPDXRef-File--runtimes-unix-lib-net6.0-System.Management.Automation.dll-B5FB32AFEA8B759BEE03DEFCA5132888CDD11FF7"
      ]
    }
  ],
  "externalDocumentRefs": [],
  "relationships": [
    {
      "relationshipType": "DEPENDS_ON",
      "relatedSpdxElement": "SPDXRef-Package-94C3F349D161FF39315E9A59C8A57FC7F98046B0E45158B9BACD0DF20F3DC0F2",
      "spdxElementId": "SPDXRef-RootPackage"
    },
    {
      "relationshipType": "DESCRIBES",
      "relatedSpdxElement": "SPDXRef-RootPackage",
      "spdxElementId": "SPDXRef-DOCUMENT"
    },
    {
      "relationshipType": "DEPENDS_ON",
      "relatedSpdxElement": "SPDXRef-Package-94212A3C6AA57D2240E1BB24F3F8760982FD1EE04B75B7AD5EBAE7D8FC32AB1D",
      "spdxElementId": "SPDXRef-RootPackage"
    },
    {
      "relationshipType": "DEPENDS_ON",
      "relatedSpdxElement": "SPDXRef-Package-912B04C776374167E8F88EAA2C7702B46BEE2E20E428F4F3242D4DC2DE018FDB",
      "spdxElementId": "SPDXRef-RootPackage"
    },
    {
      "relationshipType": "DEPENDS_ON",
      "relatedSpdxElement": "SPDXRef-Package-AAD903BDED8F0299A98D93C15EBE7FB94DD7845A2595D27DE90F6244C3541068",
      "spdxElementId": "SPDXRef-RootPackage"
    },
    {
      "relationshipType": "DEPENDS_ON",
      "relatedSpdxElement": "SPDXRef-Package-A4966774D3681FB45924A7553133B96DB96B6311D11397C5D5E6467C768AEAE8",
      "spdxElementId": "SPDXRef-RootPackage"
    },
    {
      "relationshipType": "DEPENDS_ON",
      "relatedSpdxElement": "SPDXRef-Package-E8B432A0D1ED08F0FA9D2A2CE7D770747B60C2D39A0D181D41BE40778780DDD8",
      "spdxElementId": "SPDXRef-RootPackage"
    },
    {
      "relationshipType": "DEPENDS_ON",
      "relatedSpdxElement": "SPDXRef-Package-5A81034EC77077BB1F9472AAD57F56E812A344FFEA1CBAA93A3D11EF18BEB8BE",
      "spdxElementId": "SPDXRef-RootPackage"
    },
    {
      "relationshipType": "DEPENDS_ON",
      "relatedSpdxElement": "SPDXRef-Package-1EA0B2E1B38E40C3C6B7FA9BD9612C2B7522C6B2FFF2F748096E3089E36B67F7",
      "spdxElementId": "SPDXRef-RootPackage"
    },
    {
      "relationshipType": "DEPENDS_ON",
      "relatedSpdxElement": "SPDXRef-Package-60EF3A82E80559181B635DD5B93A6CCD579F855D5F7D9E55111127832A01FAF4",
      "spdxElementId": "SPDXRef-RootPackage"
    },
    {
      "relationshipType": "DEPENDS_ON",
      "relatedSpdxElement": "SPDXRef-Package-15872C53A5C2EFCD4A5B8DBECEAD08E2D1B626137E553D0B01F3519DCECEBA5C",
      "spdxElementId": "SPDXRef-RootPackage"
    },
    {
      "relationshipType": "DEPENDS_ON",
      "relatedSpdxElement": "SPDXRef-Package-EB772CC504A8C4FCA5B9815577BC4D390EAF4353B4673865636B49AEB9B6414E",
      "spdxElementId": "SPDXRef-RootPackage"
    },
    {
      "relationshipType": "DEPENDS_ON",
      "relatedSpdxElement": "SPDXRef-Package-EF13C297E61B73E019C1A470CACA399F9A94CCC334188ECAD593C0A3EDBD01E9",
      "spdxElementId": "SPDXRef-RootPackage"
    },
    {
      "relationshipType": "DEPENDS_ON",
      "relatedSpdxElement": "SPDXRef-Package-8CC47BF8947038A6907119B0E6B50D4428C18429948E5B1FBF19AE23F22D34CC",
      "spdxElementId": "SPDXRef-RootPackage"
    },
    {
      "relationshipType": "DEPENDS_ON",
      "relatedSpdxElement": "SPDXRef-Package-E6A4300EA97A2C40D46F7C97424D148E91295043873968C54768B9A777912613",
      "spdxElementId": "SPDXRef-RootPackage"
    }
  ],
  "spdxVersion": "SPDX-2.2",
  "dataLicense": "CC0-1.0",
  "SPDXID": "SPDXRef-DOCUMENT",
  "name": "System.Management.Automation 7.2.4",
  "documentNamespace": "https://sbom.microsoft/1:2QSF7qZlbE-F7QrUJlEo7g:pHp_nUFvDUijZ4LrJ4RhoQ/696:264539/System.Management.Automation:7.2.4:ep1KJEUxNUupRs6txrrjiw",
  "creationInfo": {
    "created": "2022-05-11T21:39:58Z",
    "creators": [
      "Organization: Microsoft",
      "Tool: Microsoft.SBOMTool-2.1.31"
    ]
  },
  "documentDescribes": [
    "SPDXRef-RootPackage"
  ]
}